pid,os,platform,model,submodel
2501FRAD-FX,ios,c2k,c2500,
2501LANFRAD-FX,ios,c2k,c2500,
8201,iosxr,spitfire,8200,
8201-32FH,iosxr,spitfire,8200,
8202,iosxr,spitfire,8200,
8202-32FH-M,iosxr,spitfire,8200,
8804,iosxr,spitfire,8800,
8808,iosxr,spitfire,8800,
8812,iosxr,spitfire,8800,
8818,iosxr,spitfire,8800,
ASR-9001,iosxr,asr9k,asr9000,
ASR-9001-S,iosxr,asr9k,asr9000,
ASR-9006-SYS,iosxr,asr9k,asr9000,
ASR-9010-SYS,iosxr,asr9k,asr9000,
ASR-9901,iosxr,asr9k,asr9900,
ASR-9903,iosxr,asr9k,asr9900,
ASR-9904,iosxr,asr9k,asr9900,
ASR-9906,iosxr,asr9k,asr9900,
ASR-9910,iosxr,asr9k,asr9900,
ASR-9912,iosxr,asr9k,asr9900,
ASR-9922,iosxr,asr9k,asr9900,
ASR1001,iosxe,asr1k,asr1000,
ASR1001-2XOC3POS,iosxe,asr1k,asr1000,
ASR1001-4X1GE,iosxe,asr1k,asr1000,
ASR1001-4XT3,iosxe,asr1k,asr1000,
ASR1001-8XCHT1E1,iosxe,asr1k,asr1000,
ASR1001-HDD,iosxe,asr1k,asr1000,
ASR1002,iosxe,asr1k,asr1000,
ASR1002-F,iosxe,asr1k,asr1000,
ASR1004,iosxe,asr1k,asr1000,
ASR1006,iosxe,asr1k,asr1000,
ASR1006-X,iosxe,asr1k,asr1000,
ASR1013,iosxe,asr1k,asr1000,
C1000-16FP-2G-L,iosxe,cat1k,c1000,
C1000-16P-2G-L,iosxe,cat1k,c1000,
C1000-16P-E-2G-L,iosxe,cat1k,c1000,
C1000-16T-2G-L,iosxe,cat1k,c1000,
C1000-16T-E-2G-L,iosxe,cat1k,c1000,
C1000-24FP-4G-L,iosxe,cat1k,c1000,
C1000-24FP-4X-L,iosxe,cat1k,c1000,
C1000-24P-4G-L,iosxe,cat1k,c1000,
C1000-24P-4X-L,iosxe,cat1k,c1000,
C1000-24PP-4G-L,iosxe,cat1k,c1000,
C1000-24T-4G-L,iosxe,cat1k,c1000,
C1000-24T-4X-L,iosxe,cat1k,c1000,
C1000-48FP-4G-L,iosxe,cat1k,c1000,
C1000-48FP-4X-L,iosxe,cat1k,c1000,
C1000-48P-4G-L,iosxe,cat1k,c1000,
C1000-48P-4X-L,iosxe,cat1k,c1000,
C1000-48PP-4G-L,iosxe,cat1k,c1000,
C1000-48T-4G-L,iosxe,cat1k,c1000,
C1000-48T-4X-L,iosxe,cat1k,c1000,
C1000-8FP-2G-L,iosxe,cat1k,c1000,
C1000-8FP-E-2G-L,iosxe,cat1k,c1000,
C1000-8P-2G-L,iosxe,cat1k,c1000,
C1000-8P-E-2G-L,iosxe,cat1k,c1000,
C1000-8T-2G-L,iosxe,cat1k,c1000,
C1000-8T-E-2G-L,iosxe,cat1k,c1000,
C1000FE-24P-4G-L,iosxe,cat1k,c1000,
C1000FE-24T-4G-L,iosxe,cat1k,c1000,
C1000FE-48P-4G-L,iosxe,cat1k,c1000,
C1000FE-48T-4G-L,iosxe,cat1k,c1000,
C1100TG-1N32A,iosxe,isr,c1100,
C1101-4P,ios,c1k,c1100,
C1101-4PLTEP,ios,c1k,c1100,
C1101-4PLTEPWA,ios,c1k,c1100,
C1101-4PLTEPWB,ios,c1k,c1100,
C1101-4PLTEPWD,ios,c1k,c1100,
C1101-4PLTEPWE,ios,c1k,c1100,
C1101-4PLTEPWF,ios,c1k,c1100,
C1101-4PLTEPWH,ios,c1k,c1100,
C1101-4PLTEPWN,ios,c1k,c1100,
C1101-4PLTEPWQ,ios,c1k,c1100,
C1101-4PLTEPWR,ios,c1k,c1100,
C1101-4PLTEPWZ,ios,c1k,c1100,
C1109-2PLTEAU,ios,c1k,c1100,
C1109-2PLTEGB,ios,c1k,c1100,
C1109-2PLTEIN,ios,c1k,c1100,
C1109-2PLTEJN,ios,c1k,c1100,
C1109-2PLTEUS,ios,c1k,c1100,
C1109-2PLTEVZ,ios,c1k,c1100,
C1109-4PLTE2P,ios,c1k,c1100,
C1109-4PLTE2PWA,ios,c1k,c1100,
C1109-4PLTE2PWB,ios,c1k,c1100,
C1109-4PLTE2PWD,ios,c1k,c1100,
C1109-4PLTE2PWE,ios,c1k,c1100,
C1109-4PLTE2PWF,ios,c1k,c1100,
C1109-4PLTE2PWH,ios,c1k,c1100,
C1109-4PLTE2PWN,ios,c1k,c1100,
C1109-4PLTE2PWQ,ios,c1k,c1100,
C1109-4PLTE2PWR,ios,c1k,c1100,
C1109-4PLTE2PWZ,ios,c1k,c1100,
C1111-4P,ios,c1k,c1100,
C1111-4PLTEEA,ios,c1k,c1100,
C1111-4PLTELA,ios,c1k,c1100,
C1111-4PWA,ios,c1k,c1100,
C1111-4PWB,ios,c1k,c1100,
C1111-4PWD,ios,c1k,c1100,
C1111-4PWE,ios,c1k,c1100,
C1111-4PWF,ios,c1k,c1100,
C1111-4PWH,ios,c1k,c1100,
C1111-4PWN,ios,c1k,c1100,
C1111-4PWQ,ios,c1k,c1100,
C1111-4PWR,ios,c1k,c1100,
C1111-4PWZ,ios,c1k,c1100,
C1111-8P,ios,c1k,c1100,
C1111-8PLTEEA,ios,c1k,c1100,
C1111-8PLTEEAWA,ios,c1k,c1100,
C1111-8PLTEEAWB,ios,c1k,c1100,
C1111-8PLTEEAWE,ios,c1k,c1100,
C1111-8PLTEEAWR,ios,c1k,c1100,
C1111-8PLTELA,ios,c1k,c1100,
C1111-8PLTELAWD,ios,c1k,c1100,
C1111-8PLTELAWF,ios,c1k,c1100,
C1111-8PLTELAWH,ios,c1k,c1100,
C1111-8PLTELAWN,ios,c1k,c1100,
C1111-8PLTELAWQ,ios,c1k,c1100,
C1111-8PLTELAWS,ios,c1k,c1100,
C1111-8PLTELAWZ,ios,c1k,c1100,
C1111-8PWA,ios,c1k,c1100,
C1111-8PWB,ios,c1k,c1100,
C1111-8PWE,ios,c1k,c1100,
C1111-8PWF,ios,c1k,c1100,
C1111-8PWH,ios,c1k,c1100,
C1111-8PWN,ios,c1k,c1100,
C1111-8PWQ,ios,c1k,c1100,
C1111-8PWR,ios,c1k,c1100,
C1111-8PWS,ios,c1k,c1100,
C1111-8PWZ,ios,c1k,c1100,
C1111X-8P,ios,c1k,c1100,
C1112-8P,ios,c1k,c1100,
C1112-8PLTEEA,ios,c1k,c1100,
C1112-8PLTEEAWE,ios,c1k,c1100,
C1112-8PWE,ios,c1k,c1100,
C1113-8P,ios,c1k,c1100,
C1113-8PLTEEA,ios,c1k,c1100,
C1113-8PLTEEAWB,ios,c1k,c1100,
C1113-8PLTEEAWE,ios,c1k,c1100,
C1113-8PLTELA,ios,c1k,c1100,
C1113-8PLTELAWA,ios,c1k,c1100,
C1113-8PLTELAWZ,ios,c1k,c1100,
C1113-8PM,ios,c1k,c1100,
C1113-8PMLTEEA,ios,c1k,c1100,
C1113-8PMWE,ios,c1k,c1100,
C1113-8PWA,ios,c1k,c1100,
C1113-8PWB,ios,c1k,c1100,
C1113-8PWE,ios,c1k,c1100,
C1113-8PWZ,ios,c1k,c1100,
C1116-4P,ios,c1k,c1100,
C1116-4PLTEEA,ios,c1k,c1100,
C1116-4PLTEEAWE,ios,c1k,c1100,
C1116-4PWE,ios,c1k,c1100,
C1117-4P,ios,c1k,c1100,
C1117-4PLTEEA,ios,c1k,c1100,
C1117-4PLTEEAWA,ios,c1k,c1100,
C1117-4PLTEEAWE,ios,c1k,c1100,
C1117-4PLTELA,ios,c1k,c1100,
C1117-4PLTELAWZ,ios,c1k,c1100,
C1117-4PM,ios,c1k,c1100,
C1117-4PMLTEEA,ios,c1k,c1100,
C1117-4PMLTEEAWE,ios,c1k,c1100,
C1117-4PMWE,ios,c1k,c1100,
C1117-4PWA,ios,c1k,c1100,
C1117-4PWE,ios,c1k,c1100,
C1117-4PWZ,ios,c1k,c1100,
C1118-8P,ios,c1k,c1100,
C1121-4P,ios,c1k,c1100,
C1121-4PLTEP,ios,c1k,c1100,
C1121-8P,ios,c1k,c1100,
C1121-8PLTEP,ios,c1k,c1100,
C1121-8PLTEPWB,ios,c1k,c1100,
C1121-8PLTEPWE,ios,c1k,c1100,
C1121-8PLTEPWQ,ios,c1k,c1100,
C1121-8PLTEPWZ,ios,c1k,c1100,
C1121X-8P,ios,c1k,c1100,
C1121X-8PLTEP,ios,c1k,c1100,
C1121X-8PLTEPWA,ios,c1k,c1100,
C1121X-8PLTEPWB,ios,c1k,c1100,
C1121X-8PLTEPWE,ios,c1k,c1100,
C1121X-8PLTEPWZ,ios,c1k,c1100,
C1126-8PLTEP,ios,c1k,c1100,
C1126X-8PLTEP,ios,c1k,c1100,
C1127-8PLTEP,ios,c1k,c1100,
C1127-8PMLTEP,ios,c1k,c1100,
C1127X-8PLTEP,ios,c1k,c1100,
C1127X-8PMLTEP,ios,c1k,c1100,
C1128-8PLTEP,ios,c1k,c1100,
C1161-8P,ios,c1k,c1100,
C1161-8PLTEP,ios,c1k,c1100,
C1161X-8P,ios,c1k,c1100,
C1161X-8PLTEP,ios,c1k,c1100,
C1861-SRST-B/K9,ios,c1k,c1800,
C1861-SRST-C-B/K9,ios,c1k,c1800,
C1861-SRST-C-F/K9,ios,c1k,c1800,
C1861-SRST-F/K9,ios,c1k,c1800,
C1861-UC-2BRI-K9,ios,c1k,c1800,
C1861-UC-4FXO-K9,ios,c1k,c1800,
C1861W-SRST-B/K9,ios,c1k,c1800,
C1861W-SRST-C-B/K9,ios,c1k,c1800,
C1861W-SRST-C-F/K9,ios,c1k,c1800,
C1861W-SRST-F/K9,ios,c1k,c1800,
C1861W-UC-2BRI-K9,ios,c1k,c1800,
C1861W-UC-4FXO-K9,ios,c1k,c1800,
C3270ENC-FO-K9,ios,c3k,c3200,
C3270ENC-K9,ios,c3k,c3200,
C3825-NOVPN,ios,c3k,c3800,
C3845-NOVPN,ios,c3k,c3800,
C6800IA-48FPD,iosxe,cat6k,c6800,
C6800IA-48FPDR,iosxe,cat6k,c6800,
C6800IA-48TD,iosxe,cat6k,c6800,
C6807-XL,iosxe,cat6k,c6800,
C6816-X-LE,iosxe,cat6k,c6800,
C6824-X-LE-40G,iosxe,cat6k,c6800,
C6832-X-LE,iosxe,cat6k,c6800,
C6840-X-LE-40G,iosxe,cat6k,c6800,
C6880-X,iosxe,cat6k,c6800,
C6880-X-LE,iosxe,cat6k,c6800,
C8000V,iosxe,cat8k,c8000v,
C8200-1N-4T,iosxe,cat8k,c8200,
C8200-UCPE-1N8,iosxe,cat8k,c8200,
C8500-12X,iosxe,cat8k,c8500,
C8500-12X4QC,iosxe,cat8k,c8500,
C8500L-8S4X,iosxe,cat8k,c8500,
C8510-CHAS5,iosxe,cat8k,c8500,
C8510CSR-SKIT-AC,iosxe,cat8k,c8500,
C8540-CHAS13,iosxe,cat8k,c8500,
C8540CSR-SKIT-AC,iosxe,cat8k,c8500,
C9105AXI-A,cheetah,ap,c9100ap,
C9105AXI-B,cheetah,ap,c9100ap,
C9105AXI-C,cheetah,ap,c9100ap,
C9105AXI-D,cheetah,ap,c9100ap,
C9105AXI-E,cheetah,ap,c9100ap,
C9105AXI-F,cheetah,ap,c9100ap,
C9105AXI-G,cheetah,ap,c9100ap,
C9105AXI-H,cheetah,ap,c9100ap,
C9105AXI-I,cheetah,ap,c9100ap,
C9105AXI-K,cheetah,ap,c9100ap,
C9105AXI-N,cheetah,ap,c9100ap,
C9105AXI-Q,cheetah,ap,c9100ap,
C9105AXI-R,cheetah,ap,c9100ap,
C9105AXI-S,cheetah,ap,c9100ap,
C9105AXI-T,cheetah,ap,c9100ap,
C9105AXI-Z,cheetah,ap,c9100ap,
C9105AXW-A,cheetah,ap,c9100ap,
C9105AXW-B,cheetah,ap,c9100ap,
C9105AXW-C,cheetah,ap,c9100ap,
C9105AXW-D,cheetah,ap,c9100ap,
C9105AXW-E,cheetah,ap,c9100ap,
C9105AXW-F,cheetah,ap,c9100ap,
C9105AXW-G,cheetah,ap,c9100ap,
C9105AXW-H,cheetah,ap,c9100ap,
C9105AXW-I,cheetah,ap,c9100ap,
C9105AXW-K,cheetah,ap,c9100ap,
C9105AXW-N,cheetah,ap,c9100ap,
C9105AXW-Q,cheetah,ap,c9100ap,
C9105AXW-R,cheetah,ap,c9100ap,
C9105AXW-S,cheetah,ap,c9100ap,
C9105AXW-T,cheetah,ap,c9100ap,
C9105AXW-Z,cheetah,ap,c9100ap,
C9115AXE-A,cheetah,ap,c9100ap,
C9115AXE-B,cheetah,ap,c9100ap,
C9115AXE-C,cheetah,ap,c9100ap,
C9115AXE-D,cheetah,ap,c9100ap,
C9115AXE-E,cheetah,ap,c9100ap,
C9115AXE-F,cheetah,ap,c9100ap,
C9115AXE-G,cheetah,ap,c9100ap,
C9115AXE-H,cheetah,ap,c9100ap,
C9115AXE-I,cheetah,ap,c9100ap,
C9115AXE-K,cheetah,ap,c9100ap,
C9115AXE-N,cheetah,ap,c9100ap,
C9115AXE-Q,cheetah,ap,c9100ap,
C9115AXE-R,cheetah,ap,c9100ap,
C9115AXE-S,cheetah,ap,c9100ap,
C9115AXE-T,cheetah,ap,c9100ap,
C9115AXE-Z,cheetah,ap,c9100ap,
C9115AXI-A,cheetah,ap,c9100ap,
C9115AXI-B,cheetah,ap,c9100ap,
C9115AXI-C,cheetah,ap,c9100ap,
C9115AXI-D,cheetah,ap,c9100ap,
C9115AXI-E,cheetah,ap,c9100ap,
C9115AXI-F,cheetah,ap,c9100ap,
C9115AXI-G,cheetah,ap,c9100ap,
C9115AXI-H,cheetah,ap,c9100ap,
C9115AXI-I,cheetah,ap,c9100ap,
C9115AXI-K,cheetah,ap,c9100ap,
C9115AXI-N,cheetah,ap,c9100ap,
C9115AXI-Q,cheetah,ap,c9100ap,
C9115AXI-R,cheetah,ap,c9100ap,
C9115AXI-S,cheetah,ap,c9100ap,
C9115AXI-T,cheetah,ap,c9100ap,
C9115AXI-Z,cheetah,ap,c9100ap,
C9117AXI-A,cheetah,ap,c9100ap,
C9117AXI-B,cheetah,ap,c9100ap,
C9117AXI-C,cheetah,ap,c9100ap,
C9117AXI-D,cheetah,ap,c9100ap,
C9117AXI-E,cheetah,ap,c9100ap,
C9117AXI-F,cheetah,ap,c9100ap,
C9117AXI-G,cheetah,ap,c9100ap,
C9117AXI-H,cheetah,ap,c9100ap,
C9117AXI-I,cheetah,ap,c9100ap,
C9117AXI-K,cheetah,ap,c9100ap,
C9117AXI-N,cheetah,ap,c9100ap,
C9117AXI-Q,cheetah,ap,c9100ap,
C9117AXI-R,cheetah,ap,c9100ap,
C9117AXI-S,cheetah,ap,c9100ap,
C9117AXI-T,cheetah,ap,c9100ap,
C9117AXI-Z,cheetah,ap,c9100ap,
C9120AXE-A,cheetah,ap,c9100ap,
C9120AXE-B,cheetah,ap,c9100ap,
C9120AXE-C,cheetah,ap,c9100ap,
C9120AXE-D,cheetah,ap,c9100ap,
C9120AXE-E,cheetah,ap,c9100ap,
C9120AXE-F,cheetah,ap,c9100ap,
C9120AXE-G,cheetah,ap,c9100ap,
C9120AXE-H,cheetah,ap,c9100ap,
C9120AXE-I,cheetah,ap,c9100ap,
C9120AXE-K,cheetah,ap,c9100ap,
C9120AXE-N,cheetah,ap,c9100ap,
C9120AXE-Q,cheetah,ap,c9100ap,
C9120AXE-R,cheetah,ap,c9100ap,
C9120AXE-S,cheetah,ap,c9100ap,
C9120AXE-T,cheetah,ap,c9100ap,
C9120AXE-Z,cheetah,ap,c9100ap,
C9120AXI-A,cheetah,ap,c9100ap,
C9120AXI-B,cheetah,ap,c9100ap,
C9120AXI-C,cheetah,ap,c9100ap,
C9120AXI-D,cheetah,ap,c9100ap,
C9120AXI-E,cheetah,ap,c9100ap,
C9120AXI-F,cheetah,ap,c9100ap,
C9120AXI-G,cheetah,ap,c9100ap,
C9120AXI-H,cheetah,ap,c9100ap,
C9120AXI-I,cheetah,ap,c9100ap,
C9120AXI-K,cheetah,ap,c9100ap,
C9120AXI-N,cheetah,ap,c9100ap,
C9120AXI-Q,cheetah,ap,c9100ap,
C9120AXI-R,cheetah,ap,c9100ap,
C9120AXI-S,cheetah,ap,c9100ap,
C9120AXI-T,cheetah,ap,c9100ap,
C9120AXI-Z,cheetah,ap,c9100ap,
C9120AXP-A,cheetah,ap,c9100ap,
C9120AXP-B,cheetah,ap,c9100ap,
C9120AXP-C,cheetah,ap,c9100ap,
C9120AXP-D,cheetah,ap,c9100ap,
C9120AXP-E,cheetah,ap,c9100ap,
C9120AXP-F,cheetah,ap,c9100ap,
C9120AXP-G,cheetah,ap,c9100ap,
C9120AXP-H,cheetah,ap,c9100ap,
C9120AXP-I,cheetah,ap,c9100ap,
C9120AXP-K,cheetah,ap,c9100ap,
C9120AXP-N,cheetah,ap,c9100ap,
C9120AXP-Q,cheetah,ap,c9100ap,
C9120AXP-R,cheetah,ap,c9100ap,
C9120AXP-S,cheetah,ap,c9100ap,
C9120AXP-T,cheetah,ap,c9100ap,
C9120AXP-Z,cheetah,ap,c9100ap,
C9130AXE-A,cheetah,ap,c9100ap,
C9130AXE-B,cheetah,ap,c9100ap,
C9130AXE-C,cheetah,ap,c9100ap,
C9130AXE-D,cheetah,ap,c9100ap,
C9130AXE-E,cheetah,ap,c9100ap,
C9130AXE-F,cheetah,ap,c9100ap,
C9130AXE-G,cheetah,ap,c9100ap,
C9130AXE-H,cheetah,ap,c9100ap,
C9130AXE-I,cheetah,ap,c9100ap,
C9130AXE-K,cheetah,ap,c9100ap,
C9130AXE-N,cheetah,ap,c9100ap,
C9130AXE-Q,cheetah,ap,c9100ap,
C9130AXE-R,cheetah,ap,c9100ap,
C9130AXE-S,cheetah,ap,c9100ap,
C9130AXE-T,cheetah,ap,c9100ap,
C9130AXE-Z,cheetah,ap,c9100ap,
C9130AXI-A,cheetah,ap,c9100ap,
C9130AXI-B,cheetah,ap,c9100ap,
C9130AXI-C,cheetah,ap,c9100ap,
C9130AXI-D,cheetah,ap,c9100ap,
C9130AXI-E,cheetah,ap,c9100ap,
C9130AXI-F,cheetah,ap,c9100ap,
C9130AXI-G,cheetah,ap,c9100ap,
C9130AXI-H,cheetah,ap,c9100ap,
C9130AXI-I,cheetah,ap,c9100ap,
C9130AXI-K,cheetah,ap,c9100ap,
C9130AXI-N,cheetah,ap,c9100ap,
C9130AXI-Q,cheetah,ap,c9100ap,
C9130AXI-R,cheetah,ap,c9100ap,
C9130AXI-S,cheetah,ap,c9100ap,
C9130AXI-T,cheetah,ap,c9100ap,
C9130AXI-Z,cheetah,ap,c9100ap,
C9200-24P,iosxe,cat9k,c9200,
C9200-24PB,iosxe,cat9k,c9200,
C9200-24PXG,iosxe,cat9k,c9200,
C9200-24T,iosxe,cat9k,c9200,
C9200-48P,iosxe,cat9k,c9200,
C9200-48PB,iosxe,cat9k,c9200,
C9200-48PL,iosxe,cat9k,c9200,
C9200-48PXG,iosxe,cat9k,c9200,
C9200-48T,iosxe,cat9k,c9200,
C9200L-24P-4G,iosxe,cat9k,c9200,
C9200L-24P-4X,iosxe,cat9k,c9200,
C9200L-24PXG-2Y,iosxe,cat9k,c9200,
C9200L-24PXG-4X,iosxe,cat9k,c9200,
C9200L-24T-4G,iosxe,cat9k,c9200,
C9200L-24T-4X,iosxe,cat9k,c9200,
C9200L-48P-4G,iosxe,cat9k,c9200,
C9200L-48P-4X,iosxe,cat9k,c9200,
C9200L-48PL-4G,iosxe,cat9k,c9200,
C9200L-48PL-4X,iosxe,cat9k,c9200,
C9200L-48PXG-2Y,iosxe,cat9k,c9200,
C9200L-48PXG-4X,iosxe,cat9k,c9200,
C9200L-48T-4G,iosxe,cat9k,c9200,
C9200L-48T-4X,iosxe,cat9k,c9200,
C9300-24H,iosxe,cat9k,c9300,
C9300-24P,iosxe,cat9k,c9300,
C9300-24S,iosxe,cat9k,c9300,
C9300-24T,iosxe,cat9k,c9300,
C9300-24U,iosxe,cat9k,c9300,
C9300-24UB,iosxe,cat9k,c9300,
C9300-24UX,iosxe,cat9k,c9300,
C9300-24UXB,iosxe,cat9k,c9300,
C9300-48H,iosxe,cat9k,c9300,
C9300-48P,iosxe,cat9k,c9300,
C9300-48S,iosxe,cat9k,c9300,
C9300-48T,iosxe,cat9k,c9300,
C9300-48U,iosxe,cat9k,c9300,
C9300-48UB,iosxe,cat9k,c9300,
C9300-48UN,iosxe,cat9k,c9300,
C9300-48UXM,iosxe,cat9k,c9300,
C9300L-24P-4G,iosxe,cat9k,c9300,
C9300L-24P-4X,iosxe,cat9k,c9300,
C9300L-24T-4G,iosxe,cat9k,c9300,
C9300L-24T-4X,iosxe,cat9k,c9300,
C9300L-24UXG-2Q,iosxe,cat9k,c9300,
C9300L-24UXG-4X,iosxe,cat9k,c9300,
C9300L-48P-4G,iosxe,cat9k,c9300,
C9300L-48P-4X,iosxe,cat9k,c9300,
C9300L-48PF-4G,iosxe,cat9k,c9300,
C9300L-48PF-4X,iosxe,cat9k,c9300,
C9300L-48T-4G,iosxe,cat9k,c9300,
C9300L-48T-4X,iosxe,cat9k,c9300,
C9300L-48UXG-2Q,iosxe,cat9k,c9300,
C9300L-48UXG-4X,iosxe,cat9k,c9300,
C9404R,iosxe,cat9k,c9400,
C9407R,iosxe,cat9k,c9400,
C9410R,iosxe,cat9k,c9400,
C9500-12Q,iosxe,cat9k,c9500,
C9500-16X,iosxe,cat9k,c9500,
C9500-24Q,iosxe,cat9k,c9500,
C9500-24Y4C,iosxe,cat9k,c9500,
C9500-32C,iosxe,cat9k,c9500,
C9500-32QC,iosxe,cat9k,c9500,
C9500-40X,iosxe,cat9k,c9500,
C9500-48Y4C,iosxe,cat9k,c9500,
C9606R,iosxe,cat9k,c9600,
C9800-40-K9,iosxe,cat9k,c9800,
C9800-80-K9,iosxe,cat9k,c9800,
C9800-CL-K9,iosxe,cat9k,c9800,c9800cl
C9800-L-C-K9,iosxe,cat9k,c9800,c9800l
C9800-L-F-K9,iosxe,cat9k,c9800,c9800l
CGR-2010/K9,ios,c2k,c2000,
CGR1120/K9,ios,c1k,c1100,
CGR1240/K9,ios,c1k,c1200,
CHAS-7505,ios,c7k,c7500,
CHAS-7505-DC,ios,c7k,c7500,
CHAS-7507,ios,c7k,c7500,
CHAS-7507-DC,ios,c7k,c7500,
CHAS-7513,ios,c7k,c7500,
CHAS-7513-DC,ios,c7k,c7500,
CHAS-7576,ios,c7k,c7500,
CHAS-7576-DC,ios,c7k,c7500,
CISCO1001,ios,c1k,c1000,
CISCO1002,ios,c1k,c1000,
CISCO1003,ios,c1k,c1000,
CISCO1004,ios,c1k,c1000,
CISCO1004-I,ios,c1k,c1000,
CISCO1005,ios,c1k,c1000,
CISCO1020,ios,c1k,c1000,
CISCO1401,ios,c1k,c1400,
CISCO1407,ios,c1k,c1400,
CISCO1417,ios,c1k,c1400,
CISCO1601,ios,c1k,c1600,
CISCO1601-R,ios,c1k,c1600,
CISCO1602,ios,c1k,c1600,
CISCO1602-R,ios,c1k,c1600,
CISCO1603,ios,c1k,c1600,
CISCO1603-R,ios,c1k,c1600,
CISCO1604,ios,c1k,c1600,
CISCO1604-R,ios,c1k,c1600,
CISCO1605-R,ios,c1k,c1600,
CISCO1701-K9,ios,c1k,c1700,
CISCO1710-VPN-M/K9,ios,c1k,c1700,
CISCO1711-VPN/K9,ios,c1k,c1700,
CISCO1712-VPN/K9,ios,c1k,c1700,
CISCO1718,ios,c1k,c1700,
CISCO1720,ios,c1k,c1700,
CISCO1721,ios,c1k,c1700,
CISCO1750,ios,c1k,c1700,
CISCO1750-2V,ios,c1k,c1700,
CISCO1750-4V,ios,c1k,c1700,
CISCO1750-ADSL,ios,c1k,c1700,
CISCO1751,ios,c1k,c1700,
CISCO1760,ios,c1k,c1700,
CISCO1801,ios,c1k,c1800,
CISCO1801-M,ios,c1k,c1800,
CISCO1801-M/K9,ios,c1k,c1800,
CISCO1801/K9,ios,c1k,c1800,
CISCO1801W-AG-A/K9,ios,c1k,c1800,
CISCO1801W-AG-B/K9,ios,c1k,c1800,
CISCO1801W-AG-C/K9,ios,c1k,c1800,
CISCO1801W-AG-E/K9,ios,c1k,c1800,
CISCO1801W-AG-N/K9,ios,c1k,c1800,
CISCO1801WM-AGB/K9,ios,c1k,c1800,
CISCO1801WM-AGE/K9,ios,c1k,c1800,
CISCO1802,ios,c1k,c1800,
CISCO1802/K9,ios,c1k,c1800,
CISCO1802W-AG-E/K9,ios,c1k,c1800,
CISCO1803/K9,ios,c1k,c1800,
CISCO1803W-AG-A/K9,ios,c1k,c1800,
CISCO1803W-AG-B/K9,ios,c1k,c1800,
CISCO1803W-AG-E/K9,ios,c1k,c1800,
CISCO1805-D,ios,c1k,c1800,
CISCO1805-D/K9,ios,c1k,c1800,
CISCO1805-EJ,ios,c1k,c1800,
CISCO1811/K9,ios,c1k,c1800,
CISCO1811W-AG-A/K9,ios,c1k,c1800,
CISCO1811W-AG-B/K9,ios,c1k,c1800,
CISCO1811W-AG-C/K9,ios,c1k,c1800,
CISCO1811W-AG-N/K9,ios,c1k,c1800,
CISCO1812-J/K9,ios,c1k,c1800,
CISCO1812/K9,ios,c1k,c1800,
CISCO1812W-AG-C/K9,ios,c1k,c1800,
CISCO1812W-AG-E/K9,ios,c1k,c1800,
CISCO1812W-AG-J/K9,ios,c1k,c1800,
CISCO1812W-AG-P/K9,ios,c1k,c1800,
CISCO1841,ios,c1k,c1800,
CISCO1841C/K9,ios,c1k,c1800,
CISCO1905/K9,ios,c1k,c1900,
CISCO1921/K9,ios,c1k,c1900,
CISCO1921DC/K9,ios,c1k,c1900,
CISCO1941/K9,ios,c1k,c1900,
CISCO2102,ios,c2k,c2100,
CISCO2202,ios,c2k,c2200,
CISCO2501,ios,c2k,c2500,
CISCO2502,ios,c2k,c2500,
CISCO2502LF,ios,c2k,c2500,
CISCO2503,ios,c2k,c2500,
CISCO2504,ios,c2k,c2500,
CISCO2505,ios,c2k,c2500,
CISCO2506,ios,c2k,c2500,
CISCO2507,ios,c2k,c2500,
CISCO2513,ios,c2k,c2500,
CISCO2514,ios,c2k,c2500,
CISCO2515,ios,c2k,c2500,
CISCO2516,ios,c2k,c2500,
CISCO2517,ios,c2k,c2500,
CISCO2518,ios,c2k,c2500,
CISCO2519,ios,c2k,c2500,
CISCO2520,ios,c2k,c2500,
CISCO2520-XAD,ios,c2k,c2500,
CISCO2521,ios,c2k,c2500,
CISCO2522,ios,c2k,c2500,
CISCO2523,ios,c2k,c2500,
CISCO2524,ios,c2k,c2500,
CISCO2525,ios,c2k,c2500,
CISCO2801,ios,c2k,c2800,
CISCO2801C/K9,ios,c2k,c2800,
CISCO2811,ios,c2k,c2800,
CISCO2811C/K9,ios,c2k,c2800,
CISCO2821,ios,c2k,c2800,
CISCO2821C/K9,ios,c2k,c2800,
CISCO2851,ios,c2k,c2800,
CISCO2901/K9,ios,c2k,c2900,
CISCO2911-T/K9,ios,c2k,c2900,
CISCO2911/K9,ios,c2k,c2900,
CISCO2921/K9,ios,c2k,c2900,
CISCO2951/K9,ios,c2k,c2900,
CISCO3101,ios,c3k,c3100,
CISCO3102,ios,c3k,c3100,
CISCO3103,ios,c3k,c3100,
CISCO3104,ios,c3k,c3100,
CISCO3202,ios,c3k,c3200,
CISCO3204,ios,c3k,c3200,
CISCO3220,ios,c3k,c3200,
CISCO3251MARC,ios,c3k,c3200,
CISCO3725,ios,c3k,c3700,
CISCO3745,ios,c3k,c3700,
CISCO3825,ios,c3k,c3800,
CISCO3825C/K9,ios,c3k,c3800,
CISCO3845,ios,c3k,c3800,
CISCO3845C/K9,ios,c3k,c3800,
CISCO3925-CHASSIS,ios,c3k,c3900,
CISCO3945-CHASSIS,ios,c3k,c3900,
CISCO4000,iosxe,c4k,c4000,
CISCO4500,iosxe,c4k,c4500,
CISCO5915RA-K9,ios,c5k,c5900,
CISCO5915RC-K9,ios,c5k,c5900,
CISCO5921-K9,ios,c5k,c5900,
CISCO5930-K9,ios,c5k,c5900,
CISCO5940RA-K9,ios,c5k,c5900,
CISCO5940RC-K9,ios,c5k,c5900,
CISCO7000,ios,c7k,c7000,
CISCO7010,ios,c7k,c7000,
CISCO7120-4T1,ios,c7k,c7100,
CISCO7120-AE3,ios,c7k,c7100,
CISCO7120-AT3,ios,c7k,c7100,
CISCO7120-E3,ios,c7k,c7100,
CISCO7120-SMI3,ios,c7k,c7100,
CISCO7120-T3,ios,c7k,c7100,
CISCO7140-2AE3,ios,c7k,c7100,
CISCO7140-2AT3,ios,c7k,c7100,
CISCO7140-2E3,ios,c7k,c7100,
CISCO7140-2FE,ios,c7k,c7100,
CISCO7140-2MM3,ios,c7k,c7100,
CISCO7140-2T3,ios,c7k,c7100,
CISCO7140-8T,ios,c7k,c7100,
CISCO7201,ios,c7k,c7200,
CISCO7202,ios,c7k,c7200,
CISCO7204,ios,c7k,c7200,
CISCO7206,ios,c7k,c7200,
CISCO7301,ios,c7k,c7300,
CISCO7304,ios,c7k,c7300,
CISCO7401ASR-BB,ios,c7k,c7400,
CISCO7401ASR-CP,ios,c7k,c7400,
CISCO7603,ios,c7k,c7600,
CISCO7603-S,ios,c7k,c7600,
CISCO7604,ios,c7k,c7600,
CISCO7606,ios,c7k,c7600,
CISCO7606-S,ios,c7k,c7600,
CISCO7609,ios,c7k,c7600,
CISCO7609-S,ios,c7k,c7600,
CISCO7613,ios,c7k,c7600,
CISCO7613-S,ios,c7k,c7600,
CR-4430-B,iosxe,c4k,c4400,
CR-4430-K9,iosxe,c4k,c4400,
CR-4450-ICDN-K9,iosxe,c4k,c4400,
IE-3200-8P2S-E,iosxe,ie3k,ie3200,
IE-3200-8T2S-E,iosxe,ie3k,ie3200,
IE-3300-8P2S-A,iosxe,ie3k,ie3300,
IE-3300-8P2S-E,iosxe,ie3k,ie3300,
IE-3300-8T2S-A,iosxe,ie3k,ie3300,
IE-3300-8T2S-E,iosxe,ie3k,ie3300,
IE-3300-8T2X-A,iosxe,ie3k,ie3300,
IE-3300-8T2X-E,iosxe,ie3k,ie3300,
IE-3300-8U2X-A,iosxe,ie3k,ie3300,
IE-3300-8U2X-E,iosxe,ie3k,ie3300,
IE-3400-8P2S-A,iosxe,ie3k,ie3400,
IE-3400-8P2S-E,iosxe,ie3k,ie3400,
IE-3400-8T2S-A,iosxe,ie3k,ie3400,
IE-3400-8T2S-E,iosxe,ie3k,ie3400,
IE-3400H-16FT-A,iosxe,ie3k,ie3400,
IE-3400H-16FT-E,iosxe,ie3k,ie3400,
IE-3400H-16T-A,iosxe,ie3k,ie3400,
IE-3400H-16T-E,iosxe,ie3k,ie3400,
IE-3400H-24FT-A,iosxe,ie3k,ie3400,
IE-3400H-24FT-E,iosxe,ie3k,ie3400,
IE-3400H-24T-A,iosxe,ie3k,ie3400,
IE-3400H-24T-E,iosxe,ie3k,ie3400,
IE-3400H-8FT-A,iosxe,ie3k,ie3400,
IE-3400H-8FT-E,iosxe,ie3k,ie3400,
IE-3400H-8T-A,iosxe,ie3k,ie3400,
IE-3400H-8T-E,iosxe,ie3k,ie3400,
IR1101-K9,ios,c1k,c1100,
ISR1100-4G,ios,isr1k,isr1100,
ISR1100-4GLTEGB,ios,isr1k,isr1100,
ISR1100-4GLTENA,ios,isr1k,isr1100,
ISR1100-6G,ios,isr1k,isr1100,
ISR1100X-4G,ios,isr1k,isr1100,
ISR1100X-6G,ios,isr1k,isr1100,
ISR4221-B/K9,iosxe,isr4k,isr4200,
ISR4221/K9,iosxe,isr4k,isr4200,
ISR4221X/K9,iosxe,isr4k,isr4200,
ISR4321-B/K9,iosxe,isr4k,isr4300,
ISR4321/K9,iosxe,isr4k,isr4300,
ISR4331-B/K9,iosxe,isr4k,isr4300,
ISR4331-DC/K9,iosxe,isr4k,isr4300,
ISR4331/K9,iosxe,isr4k,isr4300,
ISR4351/K9,iosxe,isr4k,isr4300,
ISR4431/K9,iosxe,isr4k,isr4400,
ISR4461/K9,iosxe,isr4k,isr4400,
ME-C3750-24TE-M,iosxe,cat3k,c3700,
MWR-1900-27,ios,c1k,c1900,
N1K-1110-S,nxos,n1k,n1100,
N1K-1110-X,nxos,n1k,n1100,
N1K-C1010,nxos,n1k,n1000,
N1K-C1010-X,nxos,n1k,n1000,
N2K-B22FTS-P,nxos,n2k,n2000,
N2K-C2148T-1GE,nxos,n2k,n2000,
N2K-C2224TP-1GE,nxos,n2k,n2200,
N2K-C2232PP-10GE,nxos,n2k,n2000,
N2K-C2232TM-10GE,nxos,n2k,n2200,
N2K-C2232TM-E-10GE,nxos,n2k,n2200,
N2K-C2248PQ-10GE,nxos,n2k,n2200,
N2K-C2248TP-1GE,nxos,n2k,n2200,
N2K-C2248TP-E-1GE,nxos,n2k,n2000,
N2K-C2332TQ-10GT,nxos,n2k,n2300,
N2K-C2348TQ,nxos,n2k,n2300,
N2K-C2348TQ-E,nxos,n2k,n2300,
N2K-C2348UPQ,nxos,n2k,n2300,
N3K-C3016Q-40GE,nxos,n3k,n3000,
N3K-C3048TP-1GE,nxos,n3k,n3000,
N3K-C3064PQ,nxos,n3k,n3000,
N3K-C3064PQ-10GE,nxos,n3k,n3000,
N3K-C3064PQ-10GX,nxos,n3k,n3000,
N3K-C3064TQ-10GT,nxos,n3k,n3000,
N3K-C31108PC-V,nxos,n3k,n3100,
N3K-C31108TC-V,nxos,n3k,n3100,
N3K-C31128PQ-10GE,nxos,n3k,n3100,
N3K-C3132C-Z,nxos,n3k,n3100,
N3K-C3132Q-40GE,nxos,n3k,n3100,
N3K-C3132Q-40GX,nxos,n3k,n3100,
N3K-C3132Q-V,nxos,n3k,n3100,
N3K-C3132Q-XL,nxos,n3k,n3100,
N3K-C3164Q-40GE,nxos,n3k,n3100,
N3K-C3172PQ-10GE,nxos,n3k,n3100,
N3K-C3172PQ-XL,nxos,n3k,n3100,
N3K-C3172TQ-10GT,nxos,n3k,n3100,
N3K-C3172TQ-XL,nxos,n3k,n3100,
N3K-C3232C,nxos,n3k,n3200,
N3K-C3264C-E,nxos,n3k,n3200,
N3K-C3264Q,nxos,n3k,n3200,
N3K-C3408-S,nxos,n3k,n3400,
N3K-C34180YC,nxos,n3k,n3400,
N3K-C34200YC-SM,nxos,n3k,n3400,
N3K-C3432D-S,nxos,n3k,n3400,
N3K-C3464C,nxos,n3k,n3400,
N3K-C3548P-10G,nxos,n3k,n3500,
N3K-C3548P-10GX,nxos,n3k,n3500,
N3K-C3548P-XL,nxos,n3k,n3500,
N3K-C36180YC-R,nxos,n3k,n3600,
N3K-C3636C-R,nxos,n3k,n3600,
N4K-4001I-XPX,nxos,n4k,n4000,
N4K-4005I-XPX,nxos,n4k,n4000,
N5K-C5010P-BF,nxos,n5k,n5000,
N5K-C5020P-BF,nxos,n5k,n5000,
N5K-C5548P,nxos,n5k,n5500,
N5K-C5548UP,nxos,n5k,n5500,
N5K-C5596T,nxos,n5k,n5500,
N5K-C5596UP,nxos,n5k,n5500,
N5K-C56128P,nxos,n5k,n5600,
N5K-C5624Q,nxos,n5k,n5600,
N5K-C5648Q,nxos,n5k,n5600,
N5K-C5672UP,nxos,n5k,n5600,
N5K-C5672UP-16G,nxos,n5k,n5600,
N5K-C5696Q,nxos,n5k,n5600,
N6K-C6001-64P,nxos,n6k,n6000,
N6K-C6001-64T,nxos,n6k,n6000,
N6K-C6004,nxos,n6k,n6000,
N6K-C6004-96Q,nxos,n6k,n6000,
N77-C7702,nxos,n7k,n7700,
N77-C7706,nxos,n7k,n7700,
N77-C7710,nxos,n7k,n7700,
N77-C7718,nxos,n7k,n7700,
N7K-C7004,nxos,n7k,n7000,
N7K-C7009,nxos,n7k,n7000,
N7K-C7010,nxos,n7k,n7000,
N7K-C7018,nxos,n7k,n7000,
N9K-C92160YC-X,nxos,n9k,n9200,
N9K-C92300YC,nxos,n9k,n9200,
N9K-C92304QC,nxos,n9k,n9200,
N9K-C9232C,nxos,n9k,n9200,
N9K-C92348GC-X,nxos,n9k,n9200,
N9K-C9236C,nxos,n9k,n9200,
N9K-C9272Q,nxos,n9k,n9200,
N9K-C93108TC-EX,nxos,n9k,n9300,
N9K-C93108TC-EX-24,nxos,n9k,n9300,
N9K-C93108TC-FX,nxos,n9k,n9300,
N9K-C93108TC-FX-24,nxos,n9k,n9300,
N9K-C93108TC-FX3P,nxos,n9k,n9300,
N9K-C93120TX,nxos,n9k,n9300,
N9K-C93128TX,nxos,n9k,n9300,
N9K-C9316D-GX,nxos,n9k,n9300,
N9K-C93180LC-EX,nxos,n9k,n9300,
N9K-C93180YC-EX,nxos,n9k,n9300,
N9K-C93180YC-EX-24,nxos,n9k,n9300,
N9K-C93180YC-FX,nxos,n9k,n9300,
N9K-C93180YC-FX-24,nxos,n9k,n9300,
N9K-C93180YC-FX3S,nxos,n9k,n9300,
N9K-C93216TC-FX2,nxos,n9k,n9300,
N9K-C93240YC-FX2,nxos,n9k,n9300,
N9K-C93240YC-FX2Z,nxos,n9k,n9300,
N9K-C9332C,nxos,n9k,n9300,
N9K-C9332PQ,nxos,n9k,n9300,
N9K-C93360YC-FX2,nxos,n9k,n9300,
N9K-C9336C-FX2,nxos,n9k,n9300,
N9K-C9336C-FX2-E,nxos,n9k,n9300,
N9K-C9336PQ,nxos,n9k,n9300,
N9K-C9348GC-FXP,nxos,n9k,n9300,
N9K-C9358GY-FXP,nxos,n9k,n9300,
N9K-C93600CD-GX,nxos,n9k,n9300,
N9K-C9364C,nxos,n9k,n9300,
N9K-C9364C-GX,nxos,n9k,n9300,
N9K-C9372PX,nxos,n9k,n9300,
N9K-C9372PX-E,nxos,n9k,n9300,
N9K-C9372TX,nxos,n9k,n9300,
N9K-C9372TX-E,nxos,n9k,n9300,
N9K-C9396PX,nxos,n9k,n9300,
N9K-C9396TX,nxos,n9k,n9300,
N9K-C9504,nxos,n9k,n9500,
N9K-C9508,nxos,n9k,n9500,
N9K-C9516,nxos,n9k,n9500,
NCS-5001,iosxr,ncs5k,ncs5000,
NCS-5002,iosxr,ncs5k,ncs5000,
NCS-5011,iosxr,ncs5k,ncs5000,
NCS-5064,iosxr,ncs5k,ncs5000,
NCS-5501,iosxr,ncs5k,ncs5500,
NCS-5501-SE,iosxr,ncs5k,ncs5500,
NCS-5502,iosxr,ncs5k,ncs5500,
NCS-5502-SE,iosxr,ncs5k,ncs5500,
NCS-5504,iosxr,ncs5k,ncs5500,
NCS-5508,iosxr,ncs5k,ncs5500,
NCS-5516,iosxr,ncs5k,ncs5500,
NCS-55A1-24Q6H-S,iosxr,ncs5k,ncs5500,
NCS-55A1-36H-SE-S,iosxr,ncs5k,ncs5500,
NCS-55A1-48Q6H,iosxr,ncs5k,ncs5500,
NCS-6008,iosxr,ncs6k,ncs6000,
NCS-F-CHASS,iosxr,ncs6k,ncs6000,
NCS1001-K9,iosxr,ncs1k,ncs1000,
NCS1002-K9,iosxr,ncs1k,ncs1000,
NCS1002-LIC-K9,iosxr,ncs1k,ncs1000,
NCS1004,iosxr,ncs1k,ncs1000,
NCS2002-SA,iosxr,ncs2k,ncs2000,
NCS2006-SA,iosxr,ncs2k,ncs2000,
NCS2015-SA-AC,iosxr,ncs2k,ncs2000,
NCS2015-SA-DC,iosxr,ncs2k,ncs2000,
NCS4009-SA-AC,iosxr,ncs4k,ncs4000,
NCS4009-SA-DC,iosxr,ncs4k,ncs4000,
NCS4016-SA-AC,iosxr,ncs4k,ncs4000,
NCS4016-SA-DC,iosxr,ncs4k,ncs4000,
NCS4201-SA,iosxr,ncs4k,ncs4200,
NCS4202-SA,iosxr,ncs4k,ncs4200,
NCS4206-SA,iosxr,ncs4k,ncs4200,
NCS4216-F2B-SA,iosxr,ncs4k,ncs4200,
NCS4216-SA,iosxr,ncs4k,ncs4200,
NCS4KF-SA-DC,iosxr,ncs4k,ncs4000,
Nexus1000V,nxos,n1k,n1000,
Nexus1000Vh,nxos,n1k,n1000,
Nexus9000v,nxos,n9k,n9000,
R-IOSXRV9000-CC,iosxr,iosxrv,xrv9000,
SPIAD2901-8FXS/K9,ios,c2k,c2900,
WS-C1000,iosxe,cat1k,c1000,
WS-C1131,iosxe,cat1k,c1100,
WS-C1134,iosxe,cat1k,c1100,
WS-C1141,iosxe,cat1k,c1100,
WS-C1143,iosxe,cat1k,c1100,
WS-C1144,iosxe,cat1k,c1100,
WS-C1201,iosxe,cat1k,c1200,
WS-C1202,iosxe,cat1k,c1200,
WS-C1211,iosxe,cat1k,c1200,
WS-C1212,iosxe,cat1k,c1200,
WS-C1221,iosxe,cat1k,c1200,
WS-C1241,iosxe,cat1k,c1200,
WS-C1251,iosxe,cat1k,c1200,
WS-C1261,iosxe,cat1k,c1200,
WS-C1400,iosxe,cat1k,c1400,
WS-C1600,iosxe,cat1k,c1600,
WS-C1700,iosxe,cat1k,c1700,
WS-C1800,iosxe,cat1k,c1800,
WS-C1912-A,iosxe,cat1k,c1900,
WS-C1912-EN,iosxe,cat1k,c1900,
WS-C1912C-A,iosxe,cat1k,c1900,
WS-C1912C-EN,iosxe,cat1k,c1900,
WS-C1924-A,iosxe,cat1k,c1900,
WS-C1924-EN,iosxe,cat1k,c1900,
WS-C1924-EN-DC,iosxe,cat1k,c1900,
WS-C1924C-A,iosxe,cat1k,c1900,
WS-C1924C-EN,iosxe,cat1k,c1900,
WS-C1924F-A,iosxe,cat1k,c1900,
WS-C1924F-EN,iosxe,cat1k,c1900,
WS-C2100,iosxe,cat2k,c2100,
WS-C2350-48TD-S,iosxe,cat2k,c2300,
WS-C2350-48TD-SD,iosxe,cat2k,c2300,
WS-C2360-48TD-S,iosxe,cat2k,c2300,
WS-C2600,iosxe,cat2k,c2600,
WS-C2802,iosxe,cat2k,c2800,
WS-C2808,iosxe,cat2k,c2800,
WS-C2822-A,iosxe,cat2k,c2800,
WS-C2822-EN,iosxe,cat2k,c2800,
WS-C2828-A,iosxe,cat2k,c2800,
WS-C2828-EN,iosxe,cat2k,c2800,
WS-C2901,iosxe,cat2k,c2900,
WS-C2902,iosxe,cat2k,c2900,
WS-C2908-XL,iosxe,cat2k,c2900,
WS-C2912-LRE-XL,iosxe,cat2k,c2900,
WS-C2912-XL-A,iosxe,cat2k,c2900,
WS-C2912-XL-EN,iosxe,cat2k,c2900,
WS-C2912MF-XL,iosxe,cat2k,c2900,
WS-C2916M-XL,iosxe,cat2k,c2900,
WS-C2918-24TC-C,iosxe,cat2k,c2900,
WS-C2918-24TT-C,iosxe,cat2k,c2900,
WS-C2918-48TC-C,iosxe,cat2k,c2900,
WS-C2918-48TT-C,iosxe,cat2k,c2900,
WS-C2924-LRE-XL,iosxe,cat2k,c2900,
WS-C2924-XL,iosxe,cat2k,c2900,
WS-C2924-XL-A,iosxe,cat2k,c2900,
WS-C2924-XL-EN,iosxe,cat2k,c2900,
WS-C2924C-XL,iosxe,cat2k,c2900,
WS-C2924C-XL-A,iosxe,cat2k,c2900,
WS-C2924C-XL-EN,iosxe,cat2k,c2900,
WS-C2924M-XL-A,iosxe,cat2k,c2900,
WS-C2924M-XL-EN,iosxe,cat2k,c2900,
WS-C2924M-XL-EN-DC,iosxe,cat2k,c2900,
WS-C2926F,iosxe,cat2k,c2900,
WS-C2926GL,iosxe,cat2k,c2900,
WS-C2926GS,iosxe,cat2k,c2900,
WS-C2926T,iosxe,cat2k,c2900,
WS-C2928-24LT-C,iosxe,cat2k,c2900,
WS-C2928-24TC-C,iosxe,cat2k,c2900,
WS-C2928-48TC-C,iosxe,cat2k,c2900,
WS-C2940-8TF-S,iosxe,cat2k,c2900,
WS-C2940-8TT-S,iosxe,cat2k,c2900,
WS-C2948G,iosxe,cat2k,c2900,
WS-C2948G-GE-TX,iosxe,cat2k,c2900,
WS-C2948G-L3,iosxe,cat2k,c2900,
WS-C2948GL3-DC,iosxe,cat2k,c2900,
WS-C2950-12,iosxe,cat2k,c2900,
WS-C2950-24,iosxe,cat2k,c2900,
WS-C2950C-24,iosxe,cat2k,c2900,
WS-C2950G-12-EI,iosxe,cat2k,c2900,
WS-C2950G-24-EI,iosxe,cat2k,c2900,
WS-C2950G-24-EI-DC,iosxe,cat2k,c2900,
WS-C2950G-48-EI,iosxe,cat2k,c2900,
WS-C2950LRE-24-997,iosxe,cat2k,c2900,
WS-C2950ST-24-LRE,iosxe,cat2k,c2900,
WS-C2950ST-8-LRE,iosxe,cat2k,c2900,
WS-C2950SX-24,iosxe,cat2k,c2900,
WS-C2950SX-48-SI,iosxe,cat2k,c2900,
WS-C2950T-24,iosxe,cat2k,c2900,
WS-C2950T-48-SI,iosxe,cat2k,c2900,
WS-C2955C-12,iosxe,cat2k,c2900,
WS-C2955S-12,iosxe,cat2k,c2900,
WS-C2955T-12,iosxe,cat2k,c2900,
WS-C2960+24LC-L,iosxe,cat2k,c2900,
WS-C2960+24LC-S,iosxe,cat2k,c2900,
WS-C2960+24PC-L,iosxe,cat2k,c2900,
WS-C2960+24PC-S,iosxe,cat2k,c2900,
WS-C2960+24TC-L,iosxe,cat2k,c2900,
WS-C2960+24TC-S,iosxe,cat2k,c2900,
WS-C2960+48PST-L,iosxe,cat2k,c2900,
WS-C2960+48PST-S,iosxe,cat2k,c2900,
WS-C2960+48TC-L,iosxe,cat2k,c2900,
WS-C2960+48TC-S,iosxe,cat2k,c2900,
WS-C2960-24-S,iosxe,cat2k,c2900,
WS-C2960-24LC-S,iosxe,cat2k,c2900,
WS-C2960-24LT-L,iosxe,cat2k,c2900,
WS-C2960-24PC-L,iosxe,cat2k,c2900,
WS-C2960-24PC-S,iosxe,cat2k,c2900,
WS-C2960-24TC-L,iosxe,cat2k,c2900,
WS-C2960-24TC-S,iosxe,cat2k,c2900,
WS-C2960-24TT-L,iosxe,cat2k,c2900,
WS-C2960-48PST-L,iosxe,cat2k,c2900,
WS-C2960-48PST-S,iosxe,cat2k,c2900,
WS-C2960-48TC-L,iosxe,cat2k,c2900,
WS-C2960-48TC-S,iosxe,cat2k,c2900,
WS-C2960-48TT-L,iosxe,cat2k,c2900,
WS-C2960-48TT-S,iosxe,cat2k,c2900,
WS-C2960-8TC-L,iosxe,cat2k,c2900,
WS-C2960-8TC-S,iosxe,cat2k,c2900,
WS-C2960C-12PC-L,iosxe,cat2k,c2900,
WS-C2960C-8PC-L,iosxe,cat2k,c2900,
WS-C2960C-8TC-L,iosxe,cat2k,c2900,
WS-C2960C-8TC-S,iosxe,cat2k,c2900,
WS-C2960CG-8TC-L,iosxe,cat2k,c2900,
WS-C2960CPD-8PT-L,iosxe,cat2k,c2900,
WS-C2960CPD-8TT-L,iosxe,cat2k,c2900,
WS-C2960CX-8PC-L,iosxe,cat2k,c2900,
WS-C2960CX-8TC-L,iosxe,cat2k,c2900,
WS-C2960G-24TC-L,iosxe,cat2k,c2900,
WS-C2960G-48TC-L,iosxe,cat2k,c2900,
WS-C2960G-8TC-L,iosxe,cat2k,c2900,
WS-C2960L-16PS-LL,iosxe,cat2k,c2900,
WS-C2960L-16TS-LL,iosxe,cat2k,c2900,
WS-C2960L-24PQ-LL,iosxe,cat2k,c2900,
WS-C2960L-24PS-LL,iosxe,cat2k,c2900,
WS-C2960L-24TQ-LL,iosxe,cat2k,c2900,
WS-C2960L-24TS-LL,iosxe,cat2k,c2900,
WS-C2960L-48PQ-LL,iosxe,cat2k,c2900,
WS-C2960L-48PS-LL,iosxe,cat2k,c2900,
WS-C2960L-48TQ-LL,iosxe,cat2k,c2900,
WS-C2960L-48TS-LL,iosxe,cat2k,c2900,
WS-C2960L-8PS-LL,iosxe,cat2k,c2900,
WS-C2960L-8TS-LL,iosxe,cat2k,c2900,
WS-C2960L-SM-16PS,iosxe,cat2k,c2900,
WS-C2960L-SM-16TS,iosxe,cat2k,c2900,
WS-C2960L-SM-24PQ,iosxe,cat2k,c2900,
WS-C2960L-SM-24PS,iosxe,cat2k,c2900,
WS-C2960L-SM-24TQ,iosxe,cat2k,c2900,
WS-C2960L-SM-24TS,iosxe,cat2k,c2900,
WS-C2960L-SM-48PQ,iosxe,cat2k,c2900,
WS-C2960L-SM-48PS,iosxe,cat2k,c2900,
WS-C2960L-SM-48TQ,iosxe,cat2k,c2900,
WS-C2960L-SM-48TS,iosxe,cat2k,c2900,
WS-C2960L-SM-8PS,iosxe,cat2k,c2900,
WS-C2960L-SM-8TS,iosxe,cat2k,c2900,
WS-C2960PD-8TT-L,iosxe,cat2k,c2900,
WS-C2960R+24PC-L,iosxe,cat2k,c2900,
WS-C2960R+24PC-S,iosxe,cat2k,c2900,
WS-C2960R+24TC-L,iosxe,cat2k,c2900,
WS-C2960R+24TC-S,iosxe,cat2k,c2900,
WS-C2960R+48PST-L,iosxe,cat2k,c2900,
WS-C2960R+48PST-S,iosxe,cat2k,c2900,
WS-C2960R+48TC-L,iosxe,cat2k,c2900,
WS-C2960R+48TC-S,iosxe,cat2k,c2900,
WS-C2960RX-24PS-L,iosxe,cat2k,c2900,
WS-C2960RX-24TS-L,iosxe,cat2k,c2900,
WS-C2960RX-48FPD-L,iosxe,cat2k,c2900,
WS-C2960RX-48FPS-L,iosxe,cat2k,c2900,
WS-C2960RX-48LPD-L,iosxe,cat2k,c2900,
WS-C2960RX-48LPS-L,iosxe,cat2k,c2900,
WS-C2960RX-48TS-L,iosxe,cat2k,c2900,
WS-C2960S-24PD-L,iosxe,cat2k,c2900,
WS-C2960S-24PS-L,iosxe,cat2k,c2900,
WS-C2960S-24TD-L,iosxe,cat2k,c2900,
WS-C2960S-24TS-L,iosxe,cat2k,c2900,
WS-C2960S-24TS-S,iosxe,cat2k,c2900,
WS-C2960S-48FPD-L,iosxe,cat2k,c2900,
WS-C2960S-48FPS-L,iosxe,cat2k,c2900,
WS-C2960S-48LPD-L,iosxe,cat2k,c2900,
WS-C2960S-48LPS-L,iosxe,cat2k,c2900,
WS-C2960S-48TD-L,iosxe,cat2k,c2900,
WS-C2960S-48TS-L,iosxe,cat2k,c2900,
WS-C2960S-48TS-S,iosxe,cat2k,c2900,
WS-C2960S-F24PS-L,iosxe,cat2k,c2900,
WS-C2960S-F24TS-L,iosxe,cat2k,c2900,
WS-C2960S-F24TS-S,iosxe,cat2k,c2900,
WS-C2960S-F48FPS-L,iosxe,cat2k,c2900,
WS-C2960S-F48LPS-L,iosxe,cat2k,c2900,
WS-C2960S-F48TS-L,iosxe,cat2k,c2900,
WS-C2960S-F48TS-S,iosxe,cat2k,c2900,
WS-C2960X-24PD-L,iosxe,cat2k,c2900,
WS-C2960X-24PS-L,iosxe,cat2k,c2900,
WS-C2960X-24PSQ-L,iosxe,cat2k,c2900,
WS-C2960X-24TD-L,iosxe,cat2k,c2900,
WS-C2960X-24TS-L,iosxe,cat2k,c2900,
WS-C2960X-24TS-LL,iosxe,cat2k,c2900,
WS-C2960X-48FPD-L,iosxe,cat2k,c2900,
WS-C2960X-48FPS-L,iosxe,cat2k,c2900,
WS-C2960X-48LPD-L,iosxe,cat2k,c2900,
WS-C2960X-48LPS-L,iosxe,cat2k,c2900,
WS-C2960X-48TD-L,iosxe,cat2k,c2900,
WS-C2960X-48TS-L,iosxe,cat2k,c2900,
WS-C2960X-48TS-LL,iosxe,cat2k,c2900,
WS-C2960XR-24PD-I,iosxe,cat2k,c2900,
WS-C2960XR-24PS-I,iosxe,cat2k,c2900,
WS-C2960XR-24TD-I,iosxe,cat2k,c2900,
WS-C2960XR-24TS-I,iosxe,cat2k,c2900,
WS-C2960XR-48FPD-I,iosxe,cat2k,c2900,
WS-C2960XR-48FPS-I,iosxe,cat2k,c2900,
WS-C2960XR-48LPD-I,iosxe,cat2k,c2900,
WS-C2960XR-48LPS-I,iosxe,cat2k,c2900,
WS-C2960XR-48TD-I,iosxe,cat2k,c2900,
WS-C2960XR-48TS-I,iosxe,cat2k,c2900,
WS-C2970G-24T-E,iosxe,cat2k,c2900,
WS-C2970G-24TS-E,iosxe,cat2k,c2900,
WS-C2975GS-48PS-L,iosxe,cat2k,c2900,
WS-C2980G,iosxe,cat2k,c2900,
WS-C2980G-A,iosxe,cat2k,c2900,
WS-C3016,iosxe,cat3k,c3000,
WS-C3016A,iosxe,cat3k,c3000,
WS-C3016B,iosxe,cat3k,c3000,
WS-C3100A,iosxe,cat3k,c3100,
WS-C3100B,iosxe,cat3k,c3100,
WS-C3200A,iosxe,cat3k,c3200,
WS-C3200B,iosxe,cat3k,c3200,
WS-C3508G-XL-A,iosxe,cat3k,c3500,
WS-C3508G-XL-EN,iosxe,cat3k,c3500,
WS-C3512-XL-A,iosxe,cat3k,c3500,
WS-C3512-XL-EN,iosxe,cat3k,c3500,
WS-C3524-PWR-XL-EN,iosxe,cat3k,c3500,
WS-C3524-XL-A,iosxe,cat3k,c3500,
WS-C3524-XL-EN,iosxe,cat3k,c3500,
WS-C3548-XL-A,iosxe,cat3k,c3500,
WS-C3548-XL-EN,iosxe,cat3k,c3500,
WS-C3550-12G,iosxe,cat3k,c3500,
WS-C3550-12T,iosxe,cat3k,c3500,
WS-C3550-24-DC-SMI,iosxe,cat3k,c3500,
WS-C3550-24-EMI,iosxe,cat3k,c3500,
WS-C3550-24-FX-SMI,iosxe,cat3k,c3500,
WS-C3550-24-SMI,iosxe,cat3k,c3500,
WS-C3550-24PWR-EMI,iosxe,cat3k,c3500,
WS-C3550-24PWR-SMI,iosxe,cat3k,c3500,
WS-C3550-48-EMI,iosxe,cat3k,c3500,
WS-C3550-48-SMI,iosxe,cat3k,c3500,
WS-C3560-12PC-S,iosxe,cat3k,c3500,
WS-C3560-24PS-E,iosxe,cat3k,c3500,
WS-C3560-24PS-S,iosxe,cat3k,c3500,
WS-C3560-24TS-E,iosxe,cat3k,c3500,
WS-C3560-24TS-S,iosxe,cat3k,c3500,
WS-C3560-48PS-E,iosxe,cat3k,c3500,
WS-C3560-48PS-S,iosxe,cat3k,c3500,
WS-C3560-48TS-E,iosxe,cat3k,c3500,
WS-C3560-48TS-S,iosxe,cat3k,c3500,
WS-C3560-8PC-S,iosxe,cat3k,c3500,
WS-C3560C-12PC-S,iosxe,cat3k,c3500,
WS-C3560C-8PC-S,iosxe,cat3k,c3500,
WS-C3560CG-8PC-S,iosxe,cat3k,c3500,
WS-C3560CG-8TC-S,iosxe,cat3k,c3500,
WS-C3560CPD-8PT-S,iosxe,cat3k,c3500,
WS-C3560CX-12PC-S,iosxe,cat3k,c3500,
WS-C3560CX-12PD-S,iosxe,cat3k,c3500,
WS-C3560CX-12TC-S,iosxe,cat3k,c3500,
WS-C3560CX-8PC-S,iosxe,cat3k,c3500,
WS-C3560CX-8PT-S,iosxe,cat3k,c3500,
WS-C3560CX-8TC-S,iosxe,cat3k,c3500,
WS-C3560CX-8XPD-S,iosxe,cat3k,c3500,
WS-C3560E-12D-E,iosxe,cat3k,c3500,
WS-C3560E-12D-S,iosxe,cat3k,c3500,
WS-C3560E-12SD-E,iosxe,cat3k,c3500,
WS-C3560E-12SD-S,iosxe,cat3k,c3500,
WS-C3560E-24PD-E,iosxe,cat3k,c3500,
WS-C3560E-24PD-S,iosxe,cat3k,c3500,
WS-C3560E-24TD-E,iosxe,cat3k,c3500,
WS-C3560E-24TD-S,iosxe,cat3k,c3500,
WS-C3560E-24TD-SD,iosxe,cat3k,c3500,
WS-C3560E-48PD-E,iosxe,cat3k,c3500,
WS-C3560E-48PD-EF,iosxe,cat3k,c3500,
WS-C3560E-48PD-S,iosxe,cat3k,c3500,
WS-C3560E-48PD-SF,iosxe,cat3k,c3500,
WS-C3560E-48TD-E,iosxe,cat3k,c3500,
WS-C3560E-48TD-S,iosxe,cat3k,c3500,
WS-C3560E-48TD-SD,iosxe,cat3k,c3500,
WS-C3560G-24PS-E,iosxe,cat3k,c3500,
WS-C3560G-24PS-S,iosxe,cat3k,c3500,
WS-C3560G-24TS-E,iosxe,cat3k,c3500,
WS-C3560G-24TS-S,iosxe,cat3k,c3500,
WS-C3560G-48PS-E,iosxe,cat3k,c3500,
WS-C3560G-48PS-S,iosxe,cat3k,c3500,
WS-C3560G-48TS-E,iosxe,cat3k,c3500,
WS-C3560G-48TS-S,iosxe,cat3k,c3500,
WS-C3560V2-24PS-E,iosxe,cat3k,c3500,
WS-C3560V2-24PS-S,iosxe,cat3k,c3500,
WS-C3560V2-24TS-E,iosxe,cat3k,c3500,
WS-C3560V2-24TS-S,iosxe,cat3k,c3500,
WS-C3560V2-24TS-SD,iosxe,cat3k,c3500,
WS-C3560V2-48PS-E,iosxe,cat3k,c3500,
WS-C3560V2-48PS-S,iosxe,cat3k,c3500,
WS-C3560V2-48TS-E,iosxe,cat3k,c3500,
WS-C3560V2-48TS-S,iosxe,cat3k,c3500,
WS-C3560X-24P-E,iosxe,cat3k,c3500,
WS-C3560X-24P-L,iosxe,cat3k,c3500,
WS-C3560X-24P-S,iosxe,cat3k,c3500,
WS-C3560X-24T-E,iosxe,cat3k,c3500,
WS-C3560X-24T-L,iosxe,cat3k,c3500,
WS-C3560X-24T-S,iosxe,cat3k,c3500,
WS-C3560X-24U-E,iosxe,cat3k,c3500,
WS-C3560X-24U-L,iosxe,cat3k,c3500,
WS-C3560X-24U-S,iosxe,cat3k,c3500,
WS-C3560X-48P-E,iosxe,cat3k,c3500,
WS-C3560X-48P-L,iosxe,cat3k,c3500,
WS-C3560X-48P-S,iosxe,cat3k,c3500,
WS-C3560X-48PF-E,iosxe,cat3k,c3500,
WS-C3560X-48PF-L,iosxe,cat3k,c3500,
WS-C3560X-48PF-S,iosxe,cat3k,c3500,
WS-C3560X-48T-E,iosxe,cat3k,c3500,
WS-C3560X-48T-L,iosxe,cat3k,c3500,
WS-C3560X-48T-S,iosxe,cat3k,c3500,
WS-C3560X-48U-E,iosxe,cat3k,c3500,
WS-C3560X-48U-L,iosxe,cat3k,c3500,
WS-C3560X-48U-S,iosxe,cat3k,c3500,
WS-C3650-12X48FD-E,iosxe,cat3k,c3600,
WS-C3650-12X48FD-L,iosxe,cat3k,c3600,
WS-C3650-12X48FD-S,iosxe,cat3k,c3600,
WS-C3650-12X48UQ-E,iosxe,cat3k,c3600,
WS-C3650-12X48UQ-L,iosxe,cat3k,c3600,
WS-C3650-12X48UQ-S,iosxe,cat3k,c3600,
WS-C3650-12X48UR-E,iosxe,cat3k,c3600,
WS-C3650-12X48UR-L,iosxe,cat3k,c3600,
WS-C3650-12X48UR-S,iosxe,cat3k,c3600,
WS-C3650-12X48UZ-E,iosxe,cat3k,c3600,
WS-C3650-12X48UZ-L,iosxe,cat3k,c3600,
WS-C3650-12X48UZ-S,iosxe,cat3k,c3600,
WS-C3650-24PD,iosxe,cat3k,c3600,
WS-C3650-24PD-E,iosxe,cat3k,c3600,
WS-C3650-24PD-L,iosxe,cat3k,c3600,
WS-C3650-24PD-S,iosxe,cat3k,c3600,
WS-C3650-24PDM-E,iosxe,cat3k,c3600,
WS-C3650-24PDM-L,iosxe,cat3k,c3600,
WS-C3650-24PDM-S,iosxe,cat3k,c3600,
WS-C3650-24PS,iosxe,cat3k,c3600,
WS-C3650-24PS-E,iosxe,cat3k,c3600,
WS-C3650-24PS-L,iosxe,cat3k,c3600,
WS-C3650-24PS-S,iosxe,cat3k,c3600,
WS-C3650-24PWD-S,iosxe,cat3k,c3600,
WS-C3650-24PWS-S,iosxe,cat3k,c3600,
WS-C3650-24TD,iosxe,cat3k,c3600,
WS-C3650-24TD-E,iosxe,cat3k,c3600,
WS-C3650-24TD-L,iosxe,cat3k,c3600,
WS-C3650-24TD-S,iosxe,cat3k,c3600,
WS-C3650-24TS,iosxe,cat3k,c3600,
WS-C3650-24TS-E,iosxe,cat3k,c3600,
WS-C3650-24TS-L,iosxe,cat3k,c3600,
WS-C3650-24TS-S,iosxe,cat3k,c3600,
WS-C3650-48FD-E,iosxe,cat3k,c3600,
WS-C3650-48FD-L,iosxe,cat3k,c3600,
WS-C3650-48FD-S,iosxe,cat3k,c3600,
WS-C3650-48FQ-E,iosxe,cat3k,c3600,
WS-C3650-48FQ-L,iosxe,cat3k,c3600,
WS-C3650-48FQ-S,iosxe,cat3k,c3600,
WS-C3650-48FQM-E,iosxe,cat3k,c3600,
WS-C3650-48FQM-L,iosxe,cat3k,c3600,
WS-C3650-48FQM-S,iosxe,cat3k,c3600,
WS-C3650-48FS-E,iosxe,cat3k,c3600,
WS-C3650-48FS-L,iosxe,cat3k,c3600,
WS-C3650-48FS-S,iosxe,cat3k,c3600,
WS-C3650-48FWD-S,iosxe,cat3k,c3600,
WS-C3650-48FWS-S,iosxe,cat3k,c3600,
WS-C3650-48PD,iosxe,cat3k,c3600,
WS-C3650-48PD-E,iosxe,cat3k,c3600,
WS-C3650-48PD-L,iosxe,cat3k,c3600,
WS-C3650-48PD-S,iosxe,cat3k,c3600,
WS-C3650-48PQ,iosxe,cat3k,c3600,
WS-C3650-48PQ-E,iosxe,cat3k,c3600,
WS-C3650-48PQ-L,iosxe,cat3k,c3600,
WS-C3650-48PQ-S,iosxe,cat3k,c3600,
WS-C3650-48PS,iosxe,cat3k,c3600,
WS-C3650-48PS-E,iosxe,cat3k,c3600,
WS-C3650-48PS-L,iosxe,cat3k,c3600,
WS-C3650-48PS-S,iosxe,cat3k,c3600,
WS-C3650-48PWD-S,iosxe,cat3k,c3600,
WS-C3650-48PWS-S,iosxe,cat3k,c3600,
WS-C3650-48TD,iosxe,cat3k,c3600,
WS-C3650-48TD-E,iosxe,cat3k,c3600,
WS-C3650-48TD-L,iosxe,cat3k,c3600,
WS-C3650-48TD-S,iosxe,cat3k,c3600,
WS-C3650-48TQ,iosxe,cat3k,c3600,
WS-C3650-48TQ-E,iosxe,cat3k,c3600,
WS-C3650-48TQ-L,iosxe,cat3k,c3600,
WS-C3650-48TQ-S,iosxe,cat3k,c3600,
WS-C3650-48TS,iosxe,cat3k,c3600,
WS-C3650-48TS-E,iosxe,cat3k,c3600,
WS-C3650-48TS-L,iosxe,cat3k,c3600,
WS-C3650-48TS-S,iosxe,cat3k,c3600,
WS-C3650-8X24PD-E,iosxe,cat3k,c3600,
WS-C3650-8X24PD-L,iosxe,cat3k,c3600,
WS-C3650-8X24PD-S,iosxe,cat3k,c3600,
WS-C3650-8X24UQ-E,iosxe,cat3k,c3600,
WS-C3650-8X24UQ-L,iosxe,cat3k,c3600,
WS-C3650-8X24UQ-S,iosxe,cat3k,c3600,
WS-C3750-24FS-S,iosxe,cat3k,c3700,
WS-C3750-24PS-E,iosxe,cat3k,c3700,
WS-C3750-24PS-S,iosxe,cat3k,c3700,
WS-C3750-24TS-E,iosxe,cat3k,c3700,
WS-C3750-24TS-S,iosxe,cat3k,c3700,
WS-C3750-48PS-E,iosxe,cat3k,c3700,
WS-C3750-48PS-S,iosxe,cat3k,c3700,
WS-C3750-48TS-E,iosxe,cat3k,c3700,
WS-C3750-48TS-S,iosxe,cat3k,c3700,
WS-C3750E-24PD-E,iosxe,cat3k,c3700,
WS-C3750E-24PD-S,iosxe,cat3k,c3700,
WS-C3750E-24TD-E,iosxe,cat3k,c3700,
WS-C3750E-24TD-S,iosxe,cat3k,c3700,
WS-C3750E-24TD-SD,iosxe,cat3k,c3700,
WS-C3750E-48PD-E,iosxe,cat3k,c3700,
WS-C3750E-48PD-EF,iosxe,cat3k,c3700,
WS-C3750E-48PD-S,iosxe,cat3k,c3700,
WS-C3750E-48PD-SF,iosxe,cat3k,c3700,
WS-C3750E-48TD-E,iosxe,cat3k,c3700,
WS-C3750E-48TD-S,iosxe,cat3k,c3700,
WS-C3750E-48TD-SD,iosxe,cat3k,c3700,
WS-C3750G-12S-E,iosxe,cat3k,c3700,
WS-C3750G-12S-S,iosxe,cat3k,c3700,
WS-C3750G-12S-SD,iosxe,cat3k,c3700,
WS-C3750G-16TD-E,iosxe,cat3k,c3700,
WS-C3750G-16TD-S,iosxe,cat3k,c3700,
WS-C3750G-24PS-E,iosxe,cat3k,c3700,
WS-C3750G-24PS-S,iosxe,cat3k,c3700,
WS-C3750G-24T-E,iosxe,cat3k,c3700,
WS-C3750G-24T-S,iosxe,cat3k,c3700,
WS-C3750G-24TS-E,iosxe,cat3k,c3700,
WS-C3750G-24TS-E1U,iosxe,cat3k,c3700,
WS-C3750G-24TS-S,iosxe,cat3k,c3700,
WS-C3750G-24TS-S1U,iosxe,cat3k,c3700,
WS-C3750G-24WS-S25,iosxe,cat3k,c3700,
WS-C3750G-24WS-S50,iosxe,cat3k,c3700,
WS-C3750G-48PS-E,iosxe,cat3k,c3700,
WS-C3750G-48PS-S,iosxe,cat3k,c3700,
WS-C3750G-48TS-E,iosxe,cat3k,c3700,
WS-C3750G-48TS-S,iosxe,cat3k,c3700,
WS-C3750V2-24FS-S,iosxe,cat3k,c3700,
WS-C3750V2-24PS-E,iosxe,cat3k,c3700,
WS-C3750V2-24PS-S,iosxe,cat3k,c3700,
WS-C3750V2-24TS-E,iosxe,cat3k,c3700,
WS-C3750V2-24TS-S,iosxe,cat3k,c3700,
WS-C3750V2-48PS-E,iosxe,cat3k,c3700,
WS-C3750V2-48PS-S,iosxe,cat3k,c3700,
WS-C3750V2-48TS-E,iosxe,cat3k,c3700,
WS-C3750V2-48TS-S,iosxe,cat3k,c3700,
WS-C3750X-12S-E,iosxe,cat3k,c3700,
WS-C3750X-12S-S,iosxe,cat3k,c3700,
WS-C3750X-24P-E,iosxe,cat3k,c3700,
WS-C3750X-24P-L,iosxe,cat3k,c3700,
WS-C3750X-24P-S,iosxe,cat3k,c3700,
WS-C3750X-24S-E,iosxe,cat3k,c3700,
WS-C3750X-24S-S,iosxe,cat3k,c3700,
WS-C3750X-24T-E,iosxe,cat3k,c3700,
WS-C3750X-24T-L,iosxe,cat3k,c3700,
WS-C3750X-24T-S,iosxe,cat3k,c3700,
WS-C3750X-24U-E,iosxe,cat3k,c3700,
WS-C3750X-24U-L,iosxe,cat3k,c3700,
WS-C3750X-24U-S,iosxe,cat3k,c3700,
WS-C3750X-48P-E,iosxe,cat3k,c3700,
WS-C3750X-48P-L,iosxe,cat3k,c3700,
WS-C3750X-48P-S,iosxe,cat3k,c3700,
WS-C3750X-48PF-E,iosxe,cat3k,c3700,
WS-C3750X-48PF-L,iosxe,cat3k,c3700,
WS-C3750X-48PF-S,iosxe,cat3k,c3700,
WS-C3750X-48T-E,iosxe,cat3k,c3700,
WS-C3750X-48T-L,iosxe,cat3k,c3700,
WS-C3750X-48T-S,iosxe,cat3k,c3700,
WS-C3750X-48U-E,iosxe,cat3k,c3700,
WS-C3750X-48U-L,iosxe,cat3k,c3700,
WS-C3750X-48U-S,iosxe,cat3k,c3700,
WS-C3850-12S,iosxe,cat3k,c3800,
WS-C3850-12S-E,iosxe,cat3k,c3800,
WS-C3850-12S-S,iosxe,cat3k,c3800,
WS-C3850-12X48U-E,iosxe,cat3k,c3800,
WS-C3850-12X48U-L,iosxe,cat3k,c3800,
WS-C3850-12X48U-S,iosxe,cat3k,c3800,
WS-C3850-12X48UW-S,iosxe,cat3k,c3800,
WS-C3850-12XS-E,iosxe,cat3k,c3800,
WS-C3850-12XS-S,iosxe,cat3k,c3800,
WS-C3850-16XS-E,iosxe,cat3k,c3800,
WS-C3850-16XS-S,iosxe,cat3k,c3800,
WS-C3850-24P,iosxe,cat3k,c3800,
WS-C3850-24P-E,iosxe,cat3k,c3800,
WS-C3850-24P-L,iosxe,cat3k,c3800,
WS-C3850-24P-S,iosxe,cat3k,c3800,
WS-C3850-24PW-S,iosxe,cat3k,c3800,
WS-C3850-24S,iosxe,cat3k,c3800,
WS-C3850-24S-E,iosxe,cat3k,c3800,
WS-C3850-24S-S,iosxe,cat3k,c3800,
WS-C3850-24T,iosxe,cat3k,c3800,
WS-C3850-24T-E,iosxe,cat3k,c3800,
WS-C3850-24T-L,iosxe,cat3k,c3800,
WS-C3850-24T-S,iosxe,cat3k,c3800,
WS-C3850-24U,iosxe,cat3k,c3800,
WS-C3850-24U-E,iosxe,cat3k,c3800,
WS-C3850-24U-L,iosxe,cat3k,c3800,
WS-C3850-24U-S,iosxe,cat3k,c3800,
WS-C3850-24UW-S,iosxe,cat3k,c3800,
WS-C3850-24XS,iosxe,cat3k,c3800,
WS-C3850-24XS-E,iosxe,cat3k,c3800,
WS-C3850-24XS-S,iosxe,cat3k,c3800,
WS-C3850-24XU-E,iosxe,cat3k,c3800,
WS-C3850-24XU-L,iosxe,cat3k,c3800,
WS-C3850-24XU-S,iosxe,cat3k,c3800,
WS-C3850-24XUW-S,iosxe,cat3k,c3800,
WS-C3850-32XS-E,iosxe,cat3k,c3800,
WS-C3850-32XS-S,iosxe,cat3k,c3800,
WS-C3850-48F-E,iosxe,cat3k,c3800,
WS-C3850-48F-L,iosxe,cat3k,c3800,
WS-C3850-48F-S,iosxe,cat3k,c3800,
WS-C3850-48P,iosxe,cat3k,c3800,
WS-C3850-48P-E,iosxe,cat3k,c3800,
WS-C3850-48P-L,iosxe,cat3k,c3800,
WS-C3850-48P-S,iosxe,cat3k,c3800,
WS-C3850-48PW-S,iosxe,cat3k,c3800,
WS-C3850-48T,iosxe,cat3k,c3800,
WS-C3850-48T-E,iosxe,cat3k,c3800,
WS-C3850-48T-L,iosxe,cat3k,c3800,
WS-C3850-48T-S,iosxe,cat3k,c3800,
WS-C3850-48U,iosxe,cat3k,c3800,
WS-C3850-48U-E,iosxe,cat3k,c3800,
WS-C3850-48U-L,iosxe,cat3k,c3800,
WS-C3850-48U-S,iosxe,cat3k,c3800,
WS-C3850-48UW-S,iosxe,cat3k,c3800,
WS-C3850-48XS-E,iosxe,cat3k,c3800,
WS-C3850-48XS-F-E,iosxe,cat3k,c3800,
WS-C3850-48XS-F-S,iosxe,cat3k,c3800,
WS-C3850-48XS-S,iosxe,cat3k,c3800,
WS-C3850R-24T-E,iosxe,cat3k,c3800,
WS-C3850R-24T-L,iosxe,cat3k,c3800,
WS-C3850R-24T-S,iosxe,cat3k,c3800,
WS-C3850R-48P-E,iosxe,cat3k,c3800,
WS-C3850R-48P-L,iosxe,cat3k,c3800,
WS-C3850R-48P-S,iosxe,cat3k,c3800,
WS-C3850R-48T-E,iosxe,cat3k,c3800,
WS-C3850R-48T-L,iosxe,cat3k,c3800,
WS-C3850R-48T-S,iosxe,cat3k,c3800,
WS-C3850R-48U-E,iosxe,cat3k,c3800,
WS-C3850R-48U-L,iosxe,cat3k,c3800,
WS-C3850R-48U-S,iosxe,cat3k,c3800,
WS-C3900,iosxe,cat3k,c3900,
WS-C3920,iosxe,cat3k,c3900,
WS-C4003,iosxe,cat4k,c3900,
WS-C4006,iosxe,cat4k,c4000,
WS-C4224V-8FXS,iosxe,cat4k,c4200,
WS-C4500X-16,iosxe,cat4k,c4500,
WS-C4500X-32,iosxe,cat4k,c4500,
WS-C4503,iosxe,cat4k,c4500,
WS-C4503-E,iosxe,cat4k,c4500,
WS-C4506,iosxe,cat4k,c4500,
WS-C4506-E,iosxe,cat4k,c4500,
WS-C4507R,iosxe,cat4k,c4500,
WS-C4507R+E,iosxe,cat4k,c4500,
WS-C4507R-E,iosxe,cat4k,c4500,
WS-C4510R,iosxe,cat4k,c4500,
WS-C4510R+E,iosxe,cat4k,c4500,
WS-C4510R-E,iosxe,cat4k,c4500,
WS-C4840G,iosxe,cat4k,c4800,
WS-C4900M,iosxe,cat4k,c4900,
WS-C4908G-L3,iosxe,cat4k,c4900,
WS-C4912G,iosxe,cat4k,c4900,
WS-C4928-10GE,iosxe,cat4k,c4900,
WS-C4948,iosxe,cat4k,c4900,
WS-C4948-10GE,iosxe,cat4k,c4900,
WS-C4948E,iosxe,cat4k,c4900,
WS-C4948E-F,iosxe,cat4k,c4900,
WS-C5000,iosxe,cat5k,c5000,
WS-C5002,iosxe,cat5k,c5000,
WS-C5500,iosxe,cat5k,c5500,
WS-C5505,iosxe,cat5k,c5500,
WS-C5509,iosxe,cat5k,c5500,
WS-C6006,iosxe,cat6k,c6000,
WS-C6009,iosxe,cat6k,c6000,
WS-C6503,iosxe,cat6k,c6500,
WS-C6503-E,iosxe,cat6k,c6500,
WS-C6504-E,iosxe,cat6k,c6500,
WS-C6506,iosxe,cat6k,c6500,
WS-C6506-E,iosxe,cat6k,c6500,
WS-C6509,iosxe,cat6k,c6500,
WS-C6509-E,iosxe,cat6k,c6500,
WS-C6509-NEB,iosxe,cat6k,c6500,
WS-C6509-NEB-A,iosxe,cat6k,c6500,
WS-C6509-V-E,iosxe,cat6k,c6500,
WS-C6513,iosxe,cat6k,c6500,
WS-C6513-E,iosxe,cat6k,c6500,
WS-X3011-CH,iosxe,cat3k,c3000,
